name,url
Mozelle Alderson,https://en.wikipedia.org/wiki/Mozelle_Alderson
"Alger ""Texas"" Alexander",https://en.wikipedia.org/wiki/Alger_%22Texas%22_Alexander
Ora Alexander,https://en.wikipedia.org/wiki/Ora_Alexander
Albert Ammons,https://en.wikipedia.org/wiki/Albert_Ammons
Pink Anderson,https://en.wikipedia.org/wiki/Pink_Anderson
Kokomo Arnold,https://en.wikipedia.org/wiki/Kokomo_Arnold
Barbecue Bob,https://en.wikipedia.org/wiki/Barbecue_Bob
Ed Bell,https://en.wikipedia.org/wiki/Ed_Bell_(musician)
Gladys Bentley,https://en.wikipedia.org/wiki/Gladys_Bentley
Black Ace,https://en.wikipedia.org/wiki/Black_Ace
Scrapper Blackwell,https://en.wikipedia.org/wiki/Scrapper_Blackwell
Blind Blake,https://en.wikipedia.org/wiki/Blind_Blake
Lucille Bogan,https://en.wikipedia.org/wiki/Lucille_Bogan
Ted Bogan,https://en.wikipedia.org/wiki/Ted_Bogan
Son Bonds,https://en.wikipedia.org/wiki/Son_Bonds
Big Bill Broonzy,https://en.wikipedia.org/wiki/Big_Bill_Broonzy
Kitty Brown,https://en.wikipedia.org/wiki/Kitty_Brown
Willie Brown,https://en.wikipedia.org/wiki/Willie_Brown_(musician)
Bumble Bee Slim,https://en.wikipedia.org/wiki/Bumble_Bee_Slim
Gus Cannon,https://en.wikipedia.org/wiki/Gus_Cannon
Leroy Carr,https://en.wikipedia.org/wiki/Leroy_Carr
Doctor Clayton,https://en.wikipedia.org/wiki/Doctor_Clayton
Sam Collins,https://en.wikipedia.org/wiki/Sam_Collins_(musician)
Elizabeth Cotten,https://en.wikipedia.org/wiki/Elizabeth_Cotten
Floyd Council,https://en.wikipedia.org/wiki/Floyd_Council
Ida Cox,https://en.wikipedia.org/wiki/Ida_Cox
Blind Blues Darby,https://en.wikipedia.org/wiki/Teddy_Darby
Reverend Gary Davis,https://en.wikipedia.org/wiki/Reverend_Gary_Davis
Walter Davis,https://en.wikipedia.org/wiki/Walter_Davis_(blues)
Tom Delaney,https://en.wikipedia.org/wiki/Tom_Delaney_(songwriter)
Georgia Tom Dorsey,https://en.wikipedia.org/wiki/Thomas_A._Dorsey
Little Buddy Doyle,https://en.wikipedia.org/wiki/Little_Buddy_Doyle
Bernice Edwards,https://en.wikipedia.org/wiki/Bernice_Edwards
Sleepy John Estes,https://en.wikipedia.org/wiki/Sleepy_John_Estes
Ethel Finnie,https://en.wikipedia.org/wiki/Ethel_Finnie
Blind Boy Fuller,https://en.wikipedia.org/wiki/Blind_Boy_Fuller
Jesse Fuller,https://en.wikipedia.org/wiki/Jesse_Fuller
Jazz Gillum,https://en.wikipedia.org/wiki/Jazz_Gillum
Boyd Gilmore,https://en.wikipedia.org/wiki/Boyd_Gilmore
Coot Grant,https://en.wikipedia.org/wiki/Coot_Grant
Lil Green,https://en.wikipedia.org/wiki/Lil_Green
Shirley Griffith,https://en.wikipedia.org/wiki/Shirley_Griffith
"Richard ""Hacksaw"" Harney",https://en.wikipedia.org/wiki/Richard_%22Hacksaw%22_Harney
Lucille Hegamin,https://en.wikipedia.org/wiki/Lucille_Hegamin
Edmonia Henderson,https://en.wikipedia.org/wiki/Edmonia_Henderson
Katherine Henderson,https://en.wikipedia.org/wiki/Katherine_Henderson_(singer)
Edna Hicks,https://en.wikipedia.org/wiki/Edna_Hicks
Son House,https://en.wikipedia.org/wiki/Son_House
Peg Leg Howell,https://en.wikipedia.org/wiki/Peg_Leg_Howell
Alberta Hunter,https://en.wikipedia.org/wiki/Alberta_Hunter
Mississippi John Hurt,https://en.wikipedia.org/wiki/Mississippi_John_Hurt
Jim Jackson,https://en.wikipedia.org/wiki/Jim_Jackson_(musician)
Papa Charlie Jackson,https://en.wikipedia.org/wiki/Papa_Charlie_Jackson
Skip James,https://en.wikipedia.org/wiki/Skip_James
Blind Lemon Jefferson,https://en.wikipedia.org/wiki/Blind_Lemon_Jefferson
Blind Willie Johnson,https://en.wikipedia.org/wiki/Blind_Willie_Johnson
Edith North Johnson,https://en.wikipedia.org/wiki/Edith_North_Johnson
Lonnie Johnson,https://en.wikipedia.org/wiki/Lonnie_Johnson_(musician)
Mary Johnson,https://en.wikipedia.org/wiki/Mary_Johnson_(singer)
Robert Johnson,https://en.wikipedia.org/wiki/Robert_Johnson
Tommy Johnson,https://en.wikipedia.org/wiki/Tommy_Johnson_(blues_musician)
Little Hat Jones,https://en.wikipedia.org/wiki/Little_Hat_Jones
Lottie Kimbrough,https://en.wikipedia.org/wiki/Lottie_Kimbrough
Lead Belly,https://en.wikipedia.org/wiki/Lead_Belly
Furry Lewis,https://en.wikipedia.org/wiki/Furry_Lewis
Meade Lux Lewis,https://en.wikipedia.org/wiki/Meade_Lux_Lewis
Charley Lincoln,https://en.wikipedia.org/wiki/Charley_Lincoln
Mance Lipscomb,https://en.wikipedia.org/wiki/Mance_Lipscomb
Virginia Liston,https://en.wikipedia.org/wiki/Virginia_Liston
"Robert Lockwood, Jr.","https://en.wikipedia.org/wiki/Robert_Lockwood,_Jr."
Cripple Clarence Lofton,https://en.wikipedia.org/wiki/Cripple_Clarence_Lofton
Eddie Mapp,https://en.wikipedia.org/wiki/Eddie_Mapp
Sara Martin,https://en.wikipedia.org/wiki/Sara_Martin
Lil McClintock,https://en.wikipedia.org/wiki/Lil_McClintock
Kansas Joe McCoy,https://en.wikipedia.org/wiki/Kansas_Joe_McCoy
Papa Charlie McCoy,https://en.wikipedia.org/wiki/Papa_Charlie_McCoy
Mississippi Fred McDowell,https://en.wikipedia.org/wiki/Fred_McDowell
"Charlie ""Specks"" McFadden",https://en.wikipedia.org/wiki/Charlie_%22Specks%22_McFadden
Fred McMullen,https://en.wikipedia.org/wiki/Fred_McMullen_(musician)
Jay McShann,https://en.wikipedia.org/wiki/Jay_McShann
Blind Willie McTell,https://en.wikipedia.org/wiki/Blind_Willie_McTell
Memphis Minnie,https://en.wikipedia.org/wiki/Memphis_Minnie
Mississippi Sheiks,https://en.wikipedia.org/wiki/Mississippi_Sheiks
Little Brother Montgomery,https://en.wikipedia.org/wiki/Little_Brother_Montgomery
Whistlin' Alex Moore,https://en.wikipedia.org/wiki/Whistlin%27_Alex_Moore
Buddy Moss,https://en.wikipedia.org/wiki/Buddy_Moss
Hambone Willie Newbern,https://en.wikipedia.org/wiki/Hambone_Willie_Newbern
St. Louis Jimmy Oden,https://en.wikipedia.org/wiki/St._Louis_Jimmy_Oden
Charley Patton,https://en.wikipedia.org/wiki/Charley_Patton
Piano Red,https://en.wikipedia.org/wiki/Piano_Red
Buster Pickens,https://en.wikipedia.org/wiki/Buster_Pickens
Joe Pullum,https://en.wikipedia.org/wiki/Joe_Pullum
Ma Rainey,https://en.wikipedia.org/wiki/Ma_Rainey
Red Nelson,https://en.wikipedia.org/wiki/Red_Nelson_(musician)
Walter Roland,https://en.wikipedia.org/wiki/Walter_Roland
Jimmy Rushing,https://en.wikipedia.org/wiki/Jimmy_Rushing
Dan Sane,https://en.wikipedia.org/wiki/Dan_Sane
Alec Seward,https://en.wikipedia.org/wiki/Alec_Seward
Robert Shaw,https://en.wikipedia.org/wiki/Robert_Shaw_(blues_musician)
J.D. Short,https://en.wikipedia.org/wiki/J.D._Short
"Henry ""Son"" Sims",https://en.wikipedia.org/wiki/Henry_%22Son%22_Sims
Bessie Smith,https://en.wikipedia.org/wiki/Bessie_Smith
Clara Smith,https://en.wikipedia.org/wiki/Clara_Smith
"J. T. ""Funny Papa"" Smith",https://en.wikipedia.org/wiki/J._T._Smith_(musician)
Mamie Smith,https://en.wikipedia.org/wiki/Mamie_Smith
Pinetop Sparks,https://en.wikipedia.org/wiki/Pinetop_Sparks
Speckled Red,https://en.wikipedia.org/wiki/Speckled_Red
Victoria Spivey,https://en.wikipedia.org/wiki/Victoria_Spivey
Frank Stokes,https://en.wikipedia.org/wiki/Frank_Stokes_(musician)
Roosevelt Sykes,https://en.wikipedia.org/wiki/Roosevelt_Sykes
Tampa Red,https://en.wikipedia.org/wiki/Tampa_Red
Johnny Temple,https://en.wikipedia.org/wiki/Johnny_Temple_(musician)
Henry Thomas,https://en.wikipedia.org/wiki/Henry_Thomas_(blues_musician)
Ramblin' Thomas,https://en.wikipedia.org/wiki/Ramblin%27_Thomas
Henry Townsend,https://en.wikipedia.org/wiki/Henry_Townsend_(musician)
Willie Trice,https://en.wikipedia.org/wiki/Willie_Trice
Bessie Tucker,https://en.wikipedia.org/wiki/Bessie_Tucker
Walter Vinson,https://en.wikipedia.org/wiki/Walter_Vinson
Sippie Wallace,https://en.wikipedia.org/wiki/Sippie_Wallace
Washboard Sam,https://en.wikipedia.org/wiki/Washboard_Sam
Ethel Waters,https://en.wikipedia.org/wiki/Ethel_Waters
Curley Weaver,https://en.wikipedia.org/wiki/Curley_Weaver
Sylvester Weaver,https://en.wikipedia.org/wiki/Sylvester_Weaver_(musician)
Casey Bill Weldon,https://en.wikipedia.org/wiki/Casey_Bill_Weldon
Peetie Wheatstraw,https://en.wikipedia.org/wiki/Peetie_Wheatstraw
Bukka White,https://en.wikipedia.org/wiki/Bukka_White
Josh White,https://en.wikipedia.org/wiki/Josh_White
Big Joe Williams,https://en.wikipedia.org/wiki/Big_Joe_Williams
Sonny Boy Williamson I,https://en.wikipedia.org/wiki/Sonny_Boy_Williamson_I
Ralph Willis,https://en.wikipedia.org/wiki/Ralph_Willis_(blues_musician)
"Oscar ""Buddy"" Woods",https://en.wikipedia.org/wiki/Oscar_%22Buddy%22_Woods
The Aces,https://en.wikipedia.org/wiki/The_Aces_(blues_band)
Woodrow Adams,https://en.wikipedia.org/wiki/Woodrow_Adams
Luther Allison,https://en.wikipedia.org/wiki/Luther_Allison
Mose Allison,https://en.wikipedia.org/wiki/Mose_Allison
Kip Anderson,https://en.wikipedia.org/wiki/Kip_Anderson
Etta Baker,https://en.wikipedia.org/wiki/Etta_Baker
John Henry Barbee,https://en.wikipedia.org/wiki/John_Henry_Barbee
Lou Ann Barton,https://en.wikipedia.org/wiki/Lou_Ann_Barton
Johnnie Bassett,https://en.wikipedia.org/wiki/Johnnie_Bassett
Lefty Bates,https://en.wikipedia.org/wiki/Lefty_Bates
Carey Bell,https://en.wikipedia.org/wiki/Carey_Bell
Buster Benton,https://en.wikipedia.org/wiki/Buster_Benton
Roy Book Binder,https://en.wikipedia.org/wiki/Roy_Book_Binder
Elvin Bishop,https://en.wikipedia.org/wiki/Elvin_Bishop
Bobby Bland,https://en.wikipedia.org/wiki/Bobby_Bland
Rory Block,https://en.wikipedia.org/wiki/Rory_Block
Mike Bloomfield,https://en.wikipedia.org/wiki/Mike_Bloomfield
Boogie Woogie Red,https://en.wikipedia.org/wiki/Boogie_Woogie_Red
Eddie Boyd,https://en.wikipedia.org/wiki/Eddie_Boyd
Lonnie Brooks,https://en.wikipedia.org/wiki/Lonnie_Brooks
Charles Brown,https://en.wikipedia.org/wiki/Charles_Brown_(musician)
"Clarence ""Gatemouth"" Brown",https://en.wikipedia.org/wiki/Clarence_%22Gatemouth%22_Brown
Roy Brown,https://en.wikipedia.org/wiki/Roy_Brown_(blues_musician)
Walter Brown,https://en.wikipedia.org/wiki/Walter_Brown_(singer)
Roy Buchanan,https://en.wikipedia.org/wiki/Roy_Buchanan
"George ""Mojo"" Buford",https://en.wikipedia.org/wiki/George_%22Mojo%22_Buford
"Eddie ""Guitar"" Burns",https://en.wikipedia.org/wiki/Eddie_%22Guitar%22_Burns
R. L. Burnside,https://en.wikipedia.org/wiki/R._L._Burnside
Aron Burton,https://en.wikipedia.org/wiki/Aron_Burton
Paul Butterfield,https://en.wikipedia.org/wiki/Paul_Butterfield
Carolina Slim,https://en.wikipedia.org/wiki/Carolina_Slim
Eric Clapton,https://en.wikipedia.org/wiki/Eric_Clapton
Willie Cobbs,https://en.wikipedia.org/wiki/Willie_Cobbs
Albert Collins,https://en.wikipedia.org/wiki/Albert_Collins
Johnny Copeland,https://en.wikipedia.org/wiki/Johnny_Copeland
James Cotton,https://en.wikipedia.org/wiki/James_Cotton
Pee Wee Crayton,https://en.wikipedia.org/wiki/Pee_Wee_Crayton
"Arthur ""Big Boy"" Crudup",https://en.wikipedia.org/wiki/Arthur_%22Big_Boy%22_Crudup
James Crutchfield,https://en.wikipedia.org/wiki/James_Crutchfield
Cyril Davies,https://en.wikipedia.org/wiki/Cyril_Davies
Blind John Davis,https://en.wikipedia.org/wiki/Blind_John_Davis
"James ""Thunderbird"" Davis",https://en.wikipedia.org/wiki/James_%22Thunderbird%22_Davis
Larry Davis,https://en.wikipedia.org/wiki/Larry_Davis_(blues_musician)
Maxwell Street Jimmy Davis,https://en.wikipedia.org/wiki/Maxwell_Street_Jimmy_Davis
Jimmy Dawkins,https://en.wikipedia.org/wiki/Jimmy_Dawkins
Floyd Dixon,https://en.wikipedia.org/wiki/Floyd_Dixon
Willie Dixon,https://en.wikipedia.org/wiki/Willie_Dixon
Champion Jack Dupree,https://en.wikipedia.org/wiki/Champion_Jack_Dupree
Big Joe Duskin,https://en.wikipedia.org/wiki/Big_Joe_Duskin
Johnny Dyer,https://en.wikipedia.org/wiki/Johnny_Dyer
Snooks Eaglin,https://en.wikipedia.org/wiki/Snooks_Eaglin
Archie Edwards,https://en.wikipedia.org/wiki/Archie_Edwards
"David ""Honeyboy"" Edwards",https://en.wikipedia.org/wiki/David_%22Honeyboy%22_Edwards
"Robert ""Big Mojo"" Elem",https://en.wikipedia.org/wiki/Robert_%22Big_Mojo%22_Elem
Margie Evans,https://en.wikipedia.org/wiki/Margie_Evans
The Fabulous Thunderbirds,https://en.wikipedia.org/wiki/The_Fabulous_Thunderbirds
Turner Foddrell,https://en.wikipedia.org/wiki/Turner_Foddrell
Forest City Joe,https://en.wikipedia.org/wiki/Forest_City_Joe
"""Baby Face"" Leroy Foster",https://en.wikipedia.org/wiki/Leroy_Foster_(musician)
Guitar Pete Franklin,https://en.wikipedia.org/wiki/Guitar_Pete_Franklin
Calvin Frazier,https://en.wikipedia.org/wiki/Calvin_Frazier
Denny Freeman,https://en.wikipedia.org/wiki/Denny_Freeman
Johnny Fuller,https://en.wikipedia.org/wiki/Johnny_Fuller_(musician)
Lowell Fulson,https://en.wikipedia.org/wiki/Lowell_Fulson
Bob Gaddy,https://en.wikipedia.org/wiki/Bob_Gaddy
Rory Gallagher,https://en.wikipedia.org/wiki/Rory_Gallagher
Clarence Garlow,https://en.wikipedia.org/wiki/Clarence_Garlow
Lee Gates,https://en.wikipedia.org/wiki/Lee_Gates
Lacy Gibson,https://en.wikipedia.org/wiki/Lacy_Gibson
Good Rockin' Charles,https://en.wikipedia.org/wiki/Good_Rockin%27_Charles
Henry Gray,https://en.wikipedia.org/wiki/Henry_Gray_(musician)
L.C. Green,https://en.wikipedia.org/wiki/L.C._Green
Peter Green,https://en.wikipedia.org/wiki/Peter_Green_(musician)
Guitar Nubbit,https://en.wikipedia.org/wiki/Guitar_Nubbit
Guitar Slim,https://en.wikipedia.org/wiki/Guitar_Slim
Buddy Guy,https://en.wikipedia.org/wiki/Buddy_Guy
Phil Guy,https://en.wikipedia.org/wiki/Phil_Guy
John P. Hammond,https://en.wikipedia.org/wiki/John_P._Hammond
James Harman,https://en.wikipedia.org/wiki/James_Harman
Harmonica Slim,https://en.wikipedia.org/wiki/Harmonica_Slim
Wynonie Harris,https://en.wikipedia.org/wiki/Wynonie_Harris
Shakey Jake Harris,https://en.wikipedia.org/wiki/Shakey_Jake_Harris
Little Hatch,https://en.wikipedia.org/wiki/Little_Hatch
Johnny Heartsman,https://en.wikipedia.org/wiki/Johnny_Heartsman
Duke Henderson,https://en.wikipedia.org/wiki/Duke_Henderson
Z. Z. Hill,https://en.wikipedia.org/wiki/Z._Z._Hill
Silas Hogan,https://en.wikipedia.org/wiki/Silas_Hogan
Smokey Hogg,https://en.wikipedia.org/wiki/Smokey_Hogg
John Dee Holeman,https://en.wikipedia.org/wiki/John_Dee_Holeman
Earl Hooker,https://en.wikipedia.org/wiki/Earl_Hooker
John Lee Hooker,https://en.wikipedia.org/wiki/John_Lee_Hooker
Lightnin' Hopkins,https://en.wikipedia.org/wiki/Lightnin%27_Hopkins
Big Walter Horton,https://en.wikipedia.org/wiki/Big_Walter_Horton
Howlin' Wolf,https://en.wikipedia.org/wiki/Howlin%27_Wolf
Long John Hunter,https://en.wikipedia.org/wiki/Long_John_Hunter
J. B. Hutto,https://en.wikipedia.org/wiki/J._B._Hutto
John Jackson,https://en.wikipedia.org/wiki/John_Jackson_(blues_musician)
Elmore James,https://en.wikipedia.org/wiki/Elmore_James
Etta James,https://en.wikipedia.org/wiki/Etta_James
Bobo Jenkins,https://en.wikipedia.org/wiki/Bobo_Jenkins
Jimmy Johnson,https://en.wikipedia.org/wiki/Jimmy_Johnson_(blues_guitarist)
Luther Johnson (Guitar Junior),https://en.wikipedia.org/wiki/Luther_Johnson_(Guitar_Junior)
"Luther ""Georgia Boy"" Johnson",https://en.wikipedia.org/wiki/Luther_%22Georgia_Boy%22_Johnson
Floyd Jones,https://en.wikipedia.org/wiki/Floyd_Jones
Little Sonny Jones,https://en.wikipedia.org/wiki/Little_Sonny_Jones
Moody Jones,https://en.wikipedia.org/wiki/Moody_Jones
Tail Dragger Jones,https://en.wikipedia.org/wiki/Tail_Dragger_Jones
Louis Jordan,https://en.wikipedia.org/wiki/Louis_Jordan
Kansas City Red,https://en.wikipedia.org/wiki/Kansas_City_Red
Jo Ann Kelly,https://en.wikipedia.org/wiki/Jo_Ann_Kelly
Junior Kimbrough,https://en.wikipedia.org/wiki/Junior_Kimbrough
Albert King,https://en.wikipedia.org/wiki/Albert_King
B.B. King,https://en.wikipedia.org/wiki/B.B._King
Earl King,https://en.wikipedia.org/wiki/Earl_King
Eddie King,https://en.wikipedia.org/wiki/Eddie_King_(musician)
Freddie King,https://en.wikipedia.org/wiki/Freddie_King
Little Freddie King,https://en.wikipedia.org/wiki/Little_Freddie_King
Bob Kirkpatrick,https://en.wikipedia.org/wiki/Bob_Kirkpatrick_(musician)
Alexis Korner,https://en.wikipedia.org/wiki/Alexis_Korner
Sammy Lawhorn,https://en.wikipedia.org/wiki/Sammy_Lawhorn
Lazy Lester,https://en.wikipedia.org/wiki/Lazy_Lester
Calvin Leavy,https://en.wikipedia.org/wiki/Calvin_Leavy
Lovie Lee,https://en.wikipedia.org/wiki/Lovie_Lee
Lefty Dizz,https://en.wikipedia.org/wiki/Lefty_Dizz
J. B. Lenoir,https://en.wikipedia.org/wiki/J._B._Lenoir
Lightnin' Slim,https://en.wikipedia.org/wiki/Lightnin%27_Slim
Hip Linkchain,https://en.wikipedia.org/wiki/Hip_Linkchain
Little Joe Blue,https://en.wikipedia.org/wiki/Little_Joe_Blue
Little Sonny,https://en.wikipedia.org/wiki/Little_Sonny
Little Walter,https://en.wikipedia.org/wiki/Little_Walter
Little Willie Littlefield,https://en.wikipedia.org/wiki/Little_Willie_Littlefield
John Littlejohn,https://en.wikipedia.org/wiki/John_Littlejohn
Lonesome Sundown,https://en.wikipedia.org/wiki/Lonesome_Sundown
Louisiana Red,https://en.wikipedia.org/wiki/Louisiana_Red
Willie Love,https://en.wikipedia.org/wiki/Willie_Love
Magic Sam,https://en.wikipedia.org/wiki/Magic_Sam
Magic Slim,https://en.wikipedia.org/wiki/Magic_Slim
J.J. Malone,https://en.wikipedia.org/wiki/J.J._Malone
Johnny Mars,https://en.wikipedia.org/wiki/Johnny_Mars
John Mayall,https://en.wikipedia.org/wiki/John_Mayall
Pete Mayes,https://en.wikipedia.org/wiki/Pete_Mayes
Percy Mayfield,https://en.wikipedia.org/wiki/Percy_Mayfield
Earring George Mayweather,https://en.wikipedia.org/wiki/Earring_George_Mayweather
Delbert McClinton,https://en.wikipedia.org/wiki/Delbert_McClinton
Jimmy McCracklin,https://en.wikipedia.org/wiki/Jimmy_McCracklin
Brownie McGhee,https://en.wikipedia.org/wiki/Brownie_McGhee
Memphis Slim,https://en.wikipedia.org/wiki/Memphis_Slim
Big Maceo Merriweather,https://en.wikipedia.org/wiki/Big_Maceo_Merriweather
Amos Milburn,https://en.wikipedia.org/wiki/Amos_Milburn
"Luke ""Long Gone"" Miles",https://en.wikipedia.org/wiki/Luke_%22Long_Gone%22_Miles
Roy Milton,https://en.wikipedia.org/wiki/Roy_Milton
Gatemouth Moore,https://en.wikipedia.org/wiki/Gatemouth_Moore
Johnny B. Moore,https://en.wikipedia.org/wiki/Johnny_B._Moore
Muddy Waters,https://en.wikipedia.org/wiki/Muddy_Waters
"Matt ""Guitar"" Murphy",https://en.wikipedia.org/wiki/Matt_%22Guitar%22_Murphy
Charlie Musselwhite,https://en.wikipedia.org/wiki/Charlie_Musselwhite
Sam Myers,https://en.wikipedia.org/wiki/Sam_Myers
Robert Nighthawk,https://en.wikipedia.org/wiki/Robert_Nighthawk
Andrew Odom,https://en.wikipedia.org/wiki/Andrew_Odom
Johnny Otis,https://en.wikipedia.org/wiki/Johnny_Otis
Junior Parker,https://en.wikipedia.org/wiki/Junior_Parker
Odie Payne,https://en.wikipedia.org/wiki/Odie_Payne
Dave Peabody,https://en.wikipedia.org/wiki/Dave_Peabody
Pinetop Perkins,https://en.wikipedia.org/wiki/Pinetop_Perkins
Rod Piazza,https://en.wikipedia.org/wiki/Rod_Piazza
Dan Pickett,https://en.wikipedia.org/wiki/Dan_Pickett_(musician)
Snooky Pryor,https://en.wikipedia.org/wiki/Snooky_Pryor
Doug Quattlebaum,https://en.wikipedia.org/wiki/Doug_Quattlebaum
Bonnie Raitt,https://en.wikipedia.org/wiki/Bonnie_Raitt
Jimmy Reed,https://en.wikipedia.org/wiki/Jimmy_Reed
Sonny Rhodes,https://en.wikipedia.org/wiki/Sonny_Rhodes
Fenton Robinson,https://en.wikipedia.org/wiki/Fenton_Robinson
Jimmie Lee Robinson,https://en.wikipedia.org/wiki/Jimmie_Lee_Robinson
Sonny Rodgers,https://en.wikipedia.org/wiki/Sonny_Rodgers
Jimmy Rogers,https://en.wikipedia.org/wiki/Jimmy_Rogers
Roomful of Blues,https://en.wikipedia.org/wiki/Roomful_of_Blues
Bobby Rush,https://en.wikipedia.org/wiki/Bobby_Rush_(musician)
Otis Rush,https://en.wikipedia.org/wiki/Otis_Rush
Son Seals,https://en.wikipedia.org/wiki/Son_Seals
Eddie Shaw,https://en.wikipedia.org/wiki/Eddie_Shaw
Roscoe Shelton,https://en.wikipedia.org/wiki/Roscoe_Shelton
Johnny Shines,https://en.wikipedia.org/wiki/Johnny_Shines
Frankie Lee Sims,https://en.wikipedia.org/wiki/Frankie_Lee_Sims
Drink Small,https://en.wikipedia.org/wiki/Drink_Small
Barkin' Bill Smith,https://en.wikipedia.org/wiki/Barkin%27_Bill_Smith
"George ""Harmonica"" Smith",https://en.wikipedia.org/wiki/George_%22Harmonica%22_Smith
"Moses ""Whispering"" Smith",https://en.wikipedia.org/wiki/Moses_%22Whispering%22_Smith
Robert Curtis Smith,https://en.wikipedia.org/wiki/Robert_Curtis_Smith
Smoky Babe,https://en.wikipedia.org/wiki/Smoky_Babe
Little Smokey Smothers,https://en.wikipedia.org/wiki/Little_Smokey_Smothers
"Otis ""Big Smokey"" Smothers",https://en.wikipedia.org/wiki/Otis_%22Big_Smokey%22_Smothers
Otis Spann,https://en.wikipedia.org/wiki/Otis_Spann
"Arthur ""Big Boy"" Spires",https://en.wikipedia.org/wiki/Arthur_%22Big_Boy%22_Spires
Arbee Stidham,https://en.wikipedia.org/wiki/Arbee_Stidham
Taj Mahal,https://en.wikipedia.org/wiki/Taj_Mahal_(musician)
Baby Tate,https://en.wikipedia.org/wiki/Baby_Tate_(guitarist)
Eddie Taylor,https://en.wikipedia.org/wiki/Eddie_Taylor
Hound Dog Taylor,https://en.wikipedia.org/wiki/Hound_Dog_Taylor
Koko Taylor,https://en.wikipedia.org/wiki/Koko_Taylor
Sam Taylor,https://en.wikipedia.org/wiki/Sam_Taylor_(saxophonist)
Sonny Terry,https://en.wikipedia.org/wiki/Sonny_Terry
Tabby Thomas,https://en.wikipedia.org/wiki/Tabby_Thomas
Big Mama Thornton,https://en.wikipedia.org/wiki/Big_Mama_Thornton
Luther Tucker,https://en.wikipedia.org/wiki/Luther_Tucker
Big Joe Turner,https://en.wikipedia.org/wiki/Big_Joe_Turner
Ike Turner,https://en.wikipedia.org/wiki/Ike_Turner
Titus Turner,https://en.wikipedia.org/wiki/Titus_Turner
Jimmie Vaughan,https://en.wikipedia.org/wiki/Jimmie_Vaughan
Stevie Ray Vaughan,https://en.wikipedia.org/wiki/Stevie_Ray_Vaughan
Mose Vinson,https://en.wikipedia.org/wiki/Mose_Vinson
"Johnny ""Big Moose"" Walker",https://en.wikipedia.org/wiki/Johnny_%22Big_Moose%22_Walker
T-Bone Walker,https://en.wikipedia.org/wiki/T-Bone_Walker
Baby Boy Warren,https://en.wikipedia.org/wiki/Baby_Boy_Warren
Willie D. Warren,https://en.wikipedia.org/wiki/Willie_D._Warren
Washboard Willie,https://en.wikipedia.org/wiki/Washboard_Willie
Boogie Bill Webb,https://en.wikipedia.org/wiki/Boogie_Bill_Webb
Junior Wells,https://en.wikipedia.org/wiki/Junior_Wells
"Golden ""Big"" Wheeler",https://en.wikipedia.org/wiki/Golden_%22Big%22_Wheeler
Lavelle White,https://en.wikipedia.org/wiki/Lavelle_White
Joe Willie Wilkins,https://en.wikipedia.org/wiki/Joe_Willie_Wilkins
Jody Williams,https://en.wikipedia.org/wiki/Jody_Williams_(blues_musician)
Johnny Williams,https://en.wikipedia.org/wiki/Johnny_Williams_(blues_musician)
Lester Williams,https://en.wikipedia.org/wiki/Lester_Williams_(musician)
Sonny Boy Williamson II,https://en.wikipedia.org/wiki/Sonny_Boy_Williamson_II
Alan Wilson,https://en.wikipedia.org/wiki/Alan_Wilson_(musician)
U.P. Wilson,https://en.wikipedia.org/wiki/U.P._Wilson
Johnny Winter,https://en.wikipedia.org/wiki/Johnny_Winter
Jimmy Witherspoon,https://en.wikipedia.org/wiki/Jimmy_Witherspoon
Big John Wrencher,https://en.wikipedia.org/wiki/Big_John_Wrencher
Billy Wright,https://en.wikipedia.org/wiki/Billy_Wright_(musician)
"Johnny ""Man"" Young",https://en.wikipedia.org/wiki/Johnny_%22Man%22_Young
Linsey Alexander,https://en.wikipedia.org/wiki/Linsey_Alexander
James Armstrong,https://en.wikipedia.org/wiki/James_Armstrong_(musician)
Dexter Allen,https://en.wikipedia.org/wiki/Dexter_Allen
Marcia Ball,https://en.wikipedia.org/wiki/Marcia_Ball
Chico Banks,https://en.wikipedia.org/wiki/Chico_Banks
L.V. Banks,https://en.wikipedia.org/wiki/L.V._Banks
Barrelhouse Chuck,https://en.wikipedia.org/wiki/Barrelhouse_Chuck
Tab Benoit,https://en.wikipedia.org/wiki/Tab_Benoit
"Terry ""Harmonica"" Bean",https://en.wikipedia.org/wiki/Terry_%22Harmonica%22_Bean
Chris Beard,https://en.wikipedia.org/wiki/Chris_Beard_(singer)
Adolphus Bell,https://en.wikipedia.org/wiki/Adolphus_Bell
Lurrie Bell,https://en.wikipedia.org/wiki/Lurrie_Bell
Eric Bibb,https://en.wikipedia.org/wiki/Eric_Bibb
Blind Mississippi Morris,https://en.wikipedia.org/wiki/Blind_Mississippi_Morris
Skeeter Brandon,https://en.wikipedia.org/wiki/Skeeter_Brandon
Ronnie Baker Brooks,https://en.wikipedia.org/wiki/Ronnie_Baker_Brooks
Jimmy Burns,https://en.wikipedia.org/wiki/Jimmy_Burns
Cedric Burnside,https://en.wikipedia.org/wiki/Cedric_Burnside
Charles Caldwell,https://en.wikipedia.org/wiki/Charles_Caldwell_(bluesman)
Karen Carroll,https://en.wikipedia.org/wiki/Karen_Carroll
William Clarke,https://en.wikipedia.org/wiki/William_Clarke_(musician)
Deborah Coleman,https://en.wikipedia.org/wiki/Deborah_Coleman
Shemekia Copeland,https://en.wikipedia.org/wiki/Shemekia_Copeland
Robert Cray,https://en.wikipedia.org/wiki/Robert_Cray
Debbie Davies,https://en.wikipedia.org/wiki/Debbie_Davies
Boo Boo Davis,https://en.wikipedia.org/wiki/Boo_Boo_Davis
Guy Davis,https://en.wikipedia.org/wiki/Guy_Davis_(musician)
Thornetta Davis,https://en.wikipedia.org/wiki/Thornetta_Davis
Little Arthur Duncan,https://en.wikipedia.org/wiki/Little_Arthur_Duncan
Ronnie Earl,https://en.wikipedia.org/wiki/Ronnie_Earl
Tinsley Ellis,https://en.wikipedia.org/wiki/Tinsley_Ellis
Kirk Fletcher,https://en.wikipedia.org/wiki/Kirk_Fletcher
Sue Foley,https://en.wikipedia.org/wiki/Sue_Foley
Robben Ford,https://en.wikipedia.org/wiki/Robben_Ford
Rick Franklin,https://en.wikipedia.org/wiki/Rick_Franklin
Anson Funderburgh,https://en.wikipedia.org/wiki/Anson_Funderburgh
Grady Gaines,https://en.wikipedia.org/wiki/Grady_Gaines
Terry Garland,https://en.wikipedia.org/wiki/Terry_Garland
Larry Garner,https://en.wikipedia.org/wiki/Larry_Garner
Otis Grand,https://en.wikipedia.org/wiki/Otis_Grand
Guitar Slim Jr.,https://en.wikipedia.org/wiki/Guitar_Slim_Jr.
Sandra Hall,https://en.wikipedia.org/wiki/Sandra_Hall
Larry Hamilton,https://en.wikipedia.org/wiki/Larry_Hamilton_(musician)
Odessa Harris,https://en.wikipedia.org/wiki/Odessa_Harris
Alvin Youngblood Hart,https://en.wikipedia.org/wiki/Alvin_Youngblood_Hart
Ted Hawkins,https://en.wikipedia.org/wiki/Ted_Hawkins
Big Boy Henry,https://en.wikipedia.org/wiki/Big_Boy_Henry
George Higgs,https://en.wikipedia.org/wiki/George_Higgs
Fruteland Jackson,https://en.wikipedia.org/wiki/Fruteland_Jackson
Colin James,https://en.wikipedia.org/wiki/Colin_James
Steve James,https://en.wikipedia.org/wiki/Steve_James_(blues_musician)
L.V. Johnson,https://en.wikipedia.org/wiki/L.V._Johnson
"Johnny ""Yard Dog"" Jones",https://en.wikipedia.org/wiki/Johnny_%22Yard_Dog%22_Jones
"Paul ""Wine"" Jones",https://en.wikipedia.org/wiki/Paul_%22Wine%22_Jones
Tutu Jones,https://en.wikipedia.org/wiki/Tutu_Jones
Keb' Mo',https://en.wikipedia.org/wiki/Keb%27_Mo%27
Harrison Kennedy,https://en.wikipedia.org/wiki/Harrison_Kennedy_(musician)
Chris Thomas King,https://en.wikipedia.org/wiki/Chris_Thomas_King
Little Jimmy King,https://en.wikipedia.org/wiki/Little_Jimmy_King
Lady Bianca,https://en.wikipedia.org/wiki/Lady_Bianca
Johnny Laws,https://en.wikipedia.org/wiki/Johnny_Laws
Professor Eddie Lusk,https://en.wikipedia.org/wiki/Professor_Eddie_Lusk
Bob Margolin,https://en.wikipedia.org/wiki/Bob_Margolin
Johnnie Marshall,https://en.wikipedia.org/wiki/Johnnie_Marshall
Larry McCray,https://en.wikipedia.org/wiki/Larry_McCray
Clara McDaniel,https://en.wikipedia.org/wiki/Clara_McDaniel
Johnny B. Moore,https://en.wikipedia.org/wiki/Johnny_B._Moore
Kenny Neal,https://en.wikipedia.org/wiki/Kenny_Neal
Jay Owens,https://en.wikipedia.org/wiki/Jay_Owens_(musician)
Sista Monica Parker,https://en.wikipedia.org/wiki/Sista_Monica_Parker
Neal Pattman,https://en.wikipedia.org/wiki/Neal_Pattman
Asie Payton,https://en.wikipedia.org/wiki/Asie_Payton
Lucky Peterson,https://en.wikipedia.org/wiki/Lucky_Peterson
Kelly Joe Phelps,https://en.wikipedia.org/wiki/Kelly_Joe_Phelps
Lonnie Pitchford,https://en.wikipedia.org/wiki/Lonnie_Pitchford
"Gene ""Birdlegg"" Pittman",https://en.wikipedia.org/wiki/Gene_%22Birdlegg%22_Pittman
Gary Primich,https://en.wikipedia.org/wiki/Gary_Primich
Henry Qualls,https://en.wikipedia.org/wiki/Henry_Qualls
Johnny Rawls,https://en.wikipedia.org/wiki/Johnny_Rawls
Sherman Robertson,https://en.wikipedia.org/wiki/Sherman_Robertson
Duke Robillard,https://en.wikipedia.org/wiki/Duke_Robillard
Andy Rodgers,https://en.wikipedia.org/wiki/Andy_Rodgers_(musician)
Mighty Mo Rodgers,https://en.wikipedia.org/wiki/Mighty_Mo_Rodgers
Roy Rogers,https://en.wikipedia.org/wiki/Roy_Rogers_(guitarist)
Saffire â€“ The Uppity Blues Women,https://en.wikipedia.org/wiki/Saffire_%E2%80%93_The_Uppity_Blues_Women
Isaac Scott,https://en.wikipedia.org/wiki/Isaac_Scott_(musician)
Kenny Wayne Shepherd,https://en.wikipedia.org/wiki/Kenny_Wayne_Shepherd
Lonnie Shields,https://en.wikipedia.org/wiki/Lonnie_Shields
Cootie Stark,https://en.wikipedia.org/wiki/Cootie_Stark
Angela Strehli,https://en.wikipedia.org/wiki/Angela_Strehli
Demetria Taylor,https://en.wikipedia.org/wiki/Demetria_Taylor
Eddie Taylor Jr.,https://en.wikipedia.org/wiki/Eddie_Taylor_Jr.
Melvin Taylor,https://en.wikipedia.org/wiki/Melvin_Taylor
Otis Taylor,https://en.wikipedia.org/wiki/Otis_Taylor_(musician)
Susan Tedeschi,https://en.wikipedia.org/wiki/Susan_Tedeschi
Lil' Dave Thompson,https://en.wikipedia.org/wiki/Lil%27_Dave_Thompson
Pyeng Threadgill,https://en.wikipedia.org/wiki/Pyeng_Threadgill
Teeny Tucker,https://en.wikipedia.org/wiki/Teeny_Tucker
Maurice John Vaughn,https://en.wikipedia.org/wiki/Maurice_John_Vaughn
Joe Louis Walker,https://en.wikipedia.org/wiki/Joe_Louis_Walker
Carl Weathersby,https://en.wikipedia.org/wiki/Carl_Weathersby
Valerie Wellington,https://en.wikipedia.org/wiki/Valerie_Wellington
Mike Wheeler,https://en.wikipedia.org/wiki/Mike_Wheeler_(musician)
Albert White,https://en.wikipedia.org/wiki/Albert_White_(musician)
Lil' Ed Williams,https://en.wikipedia.org/wiki/Lil%27_Ed_Williams
Zora Young,https://en.wikipedia.org/wiki/Zora_Young
